time,Xv,C_Glc,C_Glc_std,C_Gln,C_Lac,C_Amm,C_mab,Osmolarity
1E-12,8.016683716,100.1134877,10.2,99.90096018,1E-12,0.01934512489,1E-12,200.0025973
12.00300075,20.26107107,109.7943378,11.2,126.4983958,109.1271791,26.70446107,42.7165717,523.9431334
24.0060015,27.19620864,100.6072524,10.6,133.0609891,155.633554,66.96894485,41.72176853,653.7730607
36.00900225,31.54296871,82.19550401,9,129.157069,183.7160934,113.0666646,40.66696007,732.6547298
48.012003,34.35376002,58.60165991,6,119.1292658,198.0526449,161.7366649,39.76746531,775.2368381
59.99099775,36.17106544,12.08084279,1,90.76396567,211.5835184,226.2741092,38.77084034,790.9618243
71.9939985,35.64557704,0.007794223537,0.1,54.36261009,177.8835768,299.1045808,37.77124145,747.2142835
83.99699925,34.38778285,0.01892858607,0.1,19.6657844,135.9746831,368.3949707,36.97757792,697.0264584
96,30.64688754,1E-12,0.01,1E-12,95.84896117,408.024181,36.06039973,635.9085972